priority,score,business_name,industry,location,phone,address,rating,reviews,photos,website,reasons
HIGH,80,Movement Gym,gym,"Sandpoint, ID",(208) 263-9999,"103 S 3rd Ave, Sandpoint, ID 83864, USA",4.5,8,0,https://www.movementgym.com/,Only 0 photos (needs 20+); Only 8 reviews (low social proof)
HIGH,80,Alpine Elite Gymnastics,gym,"Sandpoint, ID",(208) 254-1173,"1313 Wright Wy, Sandpoint, ID 83864, USA",4.3,9,1,https://alpineelitegym.com/,Only 1 photos (needs 20+); Only 9 reviews (low social proof)
HIGH,80,Future Physique Pilates,gym,"Sandpoint, ID",(208) 610-2130,"416 Larkspur St Suite B, Ponderay, ID 83852, USA",5,5,7,http://futurephysiquepilates.com/,Only 7 photos (needs 20+); Only 5 reviews (low social proof)
HIGH,70,James E. Russell Sports Center,gym,"Sandpoint, ID",(208) 946-2063,"2016 Pine St, Sandpoint, ID 83864, USA",3.3,9,2,https://www.sandpointidaho.gov/parks-and-recreation/page/james-e-russell-sports-center,Only 2 photos (needs 20+); Only 9 reviews (low social proof)
HIGH,60,The Shed,gym,"Sandpoint, ID",,"1223 Michigan St E, Sandpoint, ID 83864, USA",5,1,1,http://www.theshedatsandpoint.com/,Only 1 photos (needs 20+); Only 1 reviews (low social proof)
HIGH,60,KR Physical Fitness,gym,"Sandpoint, ID",(208) 610-3447,"1103 W Superior, Sandpoint, ID 83864, USA",5,37,4,http://krphysicalfitness.com/,Only 4 photos (needs 20+); Established business (has reviews)
HIGH,60,Xhale Pilates Studio,gym,"Sandpoint, ID",(208) 755-2687,"225 Cedar St, Sandpoint, ID 83864, USA",5,4,0,https://www.xhalepilatesstudio.com/,Only 0 photos (needs 20+); Only 4 reviews (low social proof)
MEDIUM,50,Unique Fitness (UFIT),gym,"Sandpoint, ID",(208) 627-6079,"1007 W Superior, Sandpoint, ID 83864, USA",4.8,25,10,http://www.uniquefitnesssandpoint.com/,Only 25 reviews (low social proof); Established business (has reviews)
MEDIUM,50,The Yellow Room,gym,"Sandpoint, ID",(208) 738-3864,"102 Euclid Ave Second Floor, Sandpoint, ID 83864, USA",5,10,10,http://www.yellowroom.org/,Only 10 reviews (low social proof); Established business (has reviews)
MEDIUM,50,7B Energy Wellness Center,gym,"Sandpoint, ID",(208) 255-5922,"30410 ID-200 ste 200A, Ponderay, ID 83852, USA",5,11,10,http://7benergywellness.com/,Only 11 reviews (low social proof); Established business (has reviews)
MEDIUM,45,Sandpoint Rock Gym,gym,"Sandpoint, ID",(208) 278-6199,"522 Church St, Sandpoint, ID 83864, USA",5,4,10,http://www.sandpointrockgym.com/,Only 4 reviews (low social proof); Missing business hours
MEDIUM,40,Natural Fitness - Ponderay,gym,"Sandpoint, ID",(208) 263-0676,"400 Schweitzer Plaza Dr #6, Ponderay, ID 83852, USA",4.7,81,5,http://www.naturalfitnessgym.com/,Only 5 photos (needs 20+); Good rating (cares about reputation)
LOW,30,Missi Balison Fitness,gym,"Sandpoint, ID",(208) 290-2081,"1250 Gooby Rd, Sandpoint, ID 83864, USA",5,37,10,http://www.missibalisonfitness.com/,Established business (has reviews); Good rating (cares about reputation)
LOW,30,BarreX Fitness and Dance,gym,"Sandpoint, ID",(208) 946-7861,"229 Pine St, Sandpoint, ID 83864, USA",5,1,10,https://barrexfitness.com/,Only 1 reviews (low social proof); Good rating (cares about reputation)
LOW,30,Sandpoint Hot Yoga,gym,"Sandpoint, ID",(208) 946-7646,"1243 Michigan St, Sandpoint, ID 83864, USA",5,38,10,http://www.sandpointhotyoga.com/,Established business (has reviews); Good rating (cares about reputation)
HIGH,95,Sand Creek Salon,salon,"Sandpoint, ID",(208) 255-7897,"214 N S 1st Ave B, Sandpoint, ID 83864, USA",4.8,26,0,,Only 0 photos (needs 20+); Only 26 reviews (low social proof)
HIGH,95,Paris Hair Designs,salon,"Sandpoint, ID",(208) 263-7283,"810 Ebbett Way, Sandpoint, ID 83864, USA",4.9,20,2,,Only 2 photos (needs 20+); Only 20 reviews (low social proof)
HIGH,95,Headlines Salon,salon,"Sandpoint, ID",(208) 263-7831,"223 Cedar St, Sandpoint, ID 83864, USA",4.9,10,2,,Only 2 photos (needs 20+); Only 10 reviews (low social proof)
HIGH,80,be.You.tiful Salon,salon,"Sandpoint, ID",(208) 217-4149,"1319 US-2, Sandpoint, ID 83864, USA",4.6,11,10,,Only 11 reviews (low social proof); No website listed
HIGH,80,Cathy's Corner Hair Salon,salon,"Sandpoint, ID",(208) 290-4988,"121 S 2nd Ave, Sandpoint, ID 83864, USA",4.6,29,10,,Only 29 reviews (low social proof); No website listed
HIGH,75,Salon Luxe,salon,"Sandpoint, ID",(208) 255-5893,"111A Main St, Sandpoint, ID 83864, USA",4.6,47,1,,Only 1 photos (needs 20+); No website listed
HIGH,75,Belleza Design,salon,"Sandpoint, ID",(208) 263-9490,"324 S Florence Ave, Sandpoint, ID 83864, USA",4.9,43,4,,Only 4 photos (needs 20+); No website listed
HIGH,75,Sunflower Day Spa & Tanning,salon,"Sandpoint, ID",(208) 660-4913,"819 US-2 #105, Sandpoint, ID 83864, USA",4.7,35,0,,Only 0 photos (needs 20+); No website listed
HIGH,65,Syringa Salon,salon,"Sandpoint, ID",(208) 610-2459,"502 Cedar St suite b, Sandpoint, ID 83864, USA",3.9,39,2,http://syringasalon.com/,Only 2 photos (needs 20+); Missing business hours
MEDIUM,50,Revival Salon,salon,"Sandpoint, ID",(602) 614-9200,"1807 Culvers Dr, Sandpoint, ID 83864, USA",5,23,10,https://www.revivalsalonsandpoint.com/,Only 23 reviews (low social proof); Established business (has reviews)
LOW,30,Fifth Element Hair Studio,salon,"Sandpoint, ID",(208) 304-4346,"334 N 1st Ave #204A, Sandpoint, ID 83864, USA",5,44,10,http://www.fifthelementhairstudio.com/,Established business (has reviews); Good rating (cares about reputation)
LOW,30,Align Holistic Hair & Wellbeing,salon,"Sandpoint, ID",(208) 255-6998,"102 Euclid Ave Suite 213, Sandpoint, ID 83864, USA",5,31,10,http://align.glossgenius.com/,Established business (has reviews); Good rating (cares about reputation)
LOW,25,Breezy's Salon,salon,"Sandpoint, ID",(208) 265-9181,"1801 Culvers Dr Unit 1, Sandpoint, ID 83864, USA",4.9,54,10,,No website listed; Good rating (cares about reputation)
LOW,25,"Rasor's Edge Salon, LLC",salon,"Sandpoint, ID",(208) 763-8078,"30736 ID-200 Suite 103, Ponderay, ID 83852, USA",4.8,54,10,http://rasorsedge.com/,Missing business hours; Good rating (cares about reputation)
HIGH,95,"Bogadi Construction & Development, Inc",contractor,"Sandpoint, ID",(208) 661-0302,"20395 US-2, Sandpoint, ID 83864, USA",5,8,6,http://www.bogadiconstructionsandpoint.com/,Only 6 photos (needs 20+); Only 8 reviews (low social proof)
HIGH,80,Selle Valley Construction,contractor,"Sandpoint, ID",(208) 263-1808,"667 Triangle Dr, Ponderay, ID 83852, USA",5,7,9,http://www.sellevalley.com/,Only 9 photos (needs 20+); Only 7 reviews (low social proof)
HIGH,80,Dana Construction Company LLC,contractor,"Sandpoint, ID",(208) 691-2042,"217 Cedar St, Sandpoint, ID 83864, USA",4.2,5,0,http://www.danaconstructionco.com/,Only 0 photos (needs 20+); Only 5 reviews (low social proof)
HIGH,80,Durfee Construction LLC,contractor,"Sandpoint, ID",(208) 920-0925,"819 Poplar St, Sandpoint, ID 83864, USA",4.2,5,6,http://www.durfeeconstruction.com/,Only 6 photos (needs 20+); Only 5 reviews (low social proof)
HIGH,80,Idagon Homes LLC,contractor,"Sandpoint, ID",(208) 304-2394,"1225 Washington Ave, Sandpoint, ID 83864, USA",4.6,15,2,http://www.idagon.net/,Only 2 photos (needs 20+); Only 15 reviews (low social proof)
HIGH,70,Mountain View Construction,contractor,"Sandpoint, ID",(208) 263-1058,"468211 US-95, Sagle, ID 83860, USA",3.4,5,9,https://mvcsandpoint.com/,Only 9 photos (needs 20+); Only 5 reviews (low social proof)
HIGH,65,"AJ Construction and Development, LLC",contractor,"Sandpoint, ID",(208) 290-5788,"8459 Sunnyside Rd, Sandpoint, ID 83864, USA",4.8,18,10,http://www.ajdevelopmentllc.com/,Only 18 reviews (low social proof); Missing business hours
HIGH,65,Haymond Brothers Construction,contractor,"Sandpoint, ID",(208) 610-6315,"217 Cedar St #84, Sandpoint, ID 83864, USA",4.5,6,10,,Only 6 reviews (low social proof); No website listed
HIGH,65,Scott Herndon Homes,contractor,"Sandpoint, ID",(208) 610-2680,"246 Otts Rd, Sagle, ID 83860, USA",3,3,0,http://www.scottherndonhomes.com/Herndon_Homes_Contact.html,Only 0 photos (needs 20+); Only 3 reviews (low social proof)
HIGH,60,John Cloud Construction,contractor,"Sandpoint, ID",(208) 265-5406,"658 Gold Creek Rd, Sandpoint, ID 83864, USA",5,4,2,http://customhomesandpoint.com/,Only 2 photos (needs 20+); Only 4 reviews (low social proof)
HIGH,60,JKC Construction,contractor,"Sandpoint, ID",(208) 946-8588,"414 Church St Suite 112, Sandpoint, ID 83864, USA",5,4,2,https://www.jkcconstruction.net/,Only 2 photos (needs 20+); Only 4 reviews (low social proof)
HIGH,60,Panhandle Contractors LLC,contractor,"Sandpoint, ID",(208) 946-1474,"1596 E Shingle Mill Rd, Sandpoint, ID 83864, USA",5,2,1,https://www.idahopanhandlecontracting.com/,Only 1 photos (needs 20+); Only 2 reviews (low social proof)
MEDIUM,50,Sandpoint Builders Inc.,contractor,"Sandpoint, ID",(208) 263-7315,"276 Jacobson Rd, Sandpoint, ID 83864, USA",4.9,14,10,http://www.sandpointbuilders.com/,Only 14 reviews (low social proof); Established business (has reviews)
MEDIUM,50,Ramey Construction Company,contractor,"Sandpoint, ID",(208) 597-7071,"509 Fifth Ave suite g, Sandpoint, ID 83864, USA",4.2,5,10,https://www.rameyco.com/sandpoint-idaho,Only 5 reviews (low social proof); Established business (has reviews)
MEDIUM,50,Winterhawk Construction,contractor,"Sandpoint, ID",(208) 290-7832,"1024 Cedar Springs Rd, Sandpoint, ID 83864, USA",0,0,8,https://winterhawkconstruction.com/,Only 8 photos (needs 20+); Only 0 reviews (low social proof)
MEDIUM,50,"Collin Beggs Timber Framing, Inc.",contractor,"Sandpoint, ID",(208) 290-8120,"396 Sand Crk Pkwy Ln, Sandpoint, ID 83864, USA",5,22,10,http://www.collinbeggs.com/,Only 22 reviews (low social proof); Established business (has reviews)
MEDIUM,45,R.W. Bianco Construction,contractor,"Sandpoint, ID",(208) 290-2268,"9060 Colburn Culver Rd, Sandpoint, ID 83864, USA",5,1,10,http://www.rwbiancoconstruction.com/,Only 1 reviews (low social proof); Missing business hours
MEDIUM,40,Smithwright,contractor,"Sandpoint, ID",(208) 263-2853,"146 Emerald Industrial Park Rd, Ponderay, ID 83852, USA",3.7,7,10,http://www.smithwright.co/,Only 7 reviews (low social proof); Established business (has reviews)
LOW,30,Long General Contracting,contractor,"Sandpoint, ID",(208) 263-0385,"414 Church St Ste 205L, Sandpoint, ID 83864, USA",5,2,10,https://www.longgeneral.com/,Only 2 reviews (low social proof); Good rating (cares about reputation)
HIGH,100,Rooter Guys LLC,plumber,"Sandpoint, ID",(208) 265-8097,"401 N 2nd Ave, Sandpoint, ID 83864, USA",3.7,6,2,,Only 2 photos (needs 20+); Only 6 reviews (low social proof)
HIGH,95,New World Plumbing,plumber,"Sandpoint, ID",(208) 597-3152,"Sandpoint, ID 83864, USA",5,7,1,,Only 1 photos (needs 20+); Only 7 reviews (low social proof)
HIGH,90,Ahz Plumbing Inc,plumber,"Sandpoint, ID",(208) 263-0390,"10093 Baldy Mountain Rd, Sandpoint, ID 83864, USA",5,1,0,,Only 0 photos (needs 20+); Only 1 reviews (low social proof)
HIGH,90,A & J Plumbing,plumber,"Sandpoint, ID",(208) 610-1251,"407 Hope St, Sandpoint, ID 83864, USA",4,2,0,,Only 0 photos (needs 20+); Only 2 reviews (low social proof)
HIGH,80,High Mark Plumbing,plumber,"Sandpoint, ID",(208) 217-4753,"206 Mill Rd, Dover, ID 83825, USA",4.4,7,6,https://highmarkplumbingid.com/,Only 6 photos (needs 20+); Only 7 reviews (low social proof)
HIGH,80,Consolidated Supply Co.,plumber,"Sandpoint, ID",(208) 263-8561,"1802 Industrial Dr, Sandpoint, ID 83864, USA",4.5,22,5,https://www.consolidatedsupply.com/,Only 5 photos (needs 20+); Only 22 reviews (low social proof)
HIGH,80,North Point Trenchless,plumber,"Sandpoint, ID",(208) 304-5712,"1007 Baldy Mountain Rd #3, Sandpoint, ID 83864, USA",5,8,0,https://nptidaho.com/,Only 0 photos (needs 20+); Only 8 reviews (low social proof)
HIGH,80,Selkirk Plumbing Inc,plumber,"Sandpoint, ID",(208) 265-4752,"100 Hwy 200, Sandpoint, ID 83864, USA",1,1,2,,Only 2 photos (needs 20+); Only 1 reviews (low social proof)
HIGH,80,Keller Supply Co,plumber,"Sandpoint, ID",(208) 263-6750,"119 McGhee Rd, Sandpoint, ID 83864, USA",4.2,6,0,http://www.kellersupply.com/branches/id-keller-supply-company-58,Only 0 photos (needs 20+); Only 6 reviews (low social proof)
HIGH,75,Wray Plumbing,plumber,"Sandpoint, ID",(208) 255-5550,"31656 ID-200 E, Ponderay, ID 83852, USA",5,2,0,http://wrayplumbinginc.com/,Only 0 photos (needs 20+); Only 2 reviews (low social proof)
MEDIUM,50,Northern Gravity Plumbing Co.,plumber,"Sandpoint, ID",(208) 292-8332,"2210 Great Northern Rd, Sandpoint, ID 83864, USA",5,10,10,https://www.facebook.com/profile.php?id=100091948275209,Only 10 reviews (low social proof); Established business (has reviews)
MEDIUM,50,Turner Plumbing,plumber,"Sandpoint, ID",(208) 610-7538,"468146 US-95, Sagle, ID 83860, USA",5,15,10,https://turnerplumbingni.com/?utm_source=google&utm_medium=organic&utm_campaign=gbp,Only 15 reviews (low social proof); Established business (has reviews)
MEDIUM,50,Drain Plus Rooter Services,plumber,"Sandpoint, ID",(208) 263-8567,"Sandpoint, ID 83864, USA",3,2,0,http://www.drainspluscda.com/,Only 0 photos (needs 20+); Only 2 reviews (low social proof)
LOW,30,Case Plumbing,plumber,"Sandpoint, ID",(208) 304-3883,"120 S 2nd Ave, Sandpoint, ID 83864, USA",4.8,32,10,https://www.plumbingsandpoint.com/,Established business (has reviews); Good rating (cares about reputation)
HIGH,110,Sandpoint Denture Clinic,dentist,"Sandpoint, ID",(208) 255-5577,"204 E Superior St # 9, Sandpoint, ID 83864, USA",4.4,14,1,,Only 1 photos (needs 20+); Only 14 reviews (low social proof)
HIGH,80,Pine Street Dental,dentist,"Sandpoint, ID",(208) 265-4115,"2005 Pine St, Sandpoint, ID 83864, USA",5,14,3,http://www.pinestdental.com/,Only 3 photos (needs 20+); Only 14 reviews (low social proof)
HIGH,75,Emerson Grant Godbolt,dentist,"Sandpoint, ID",(208) 263-7641,"1310 Ponderosa Dr Suite A, Sandpoint, ID 83864, USA",5,2,0,https://northernpeaksdental.com/,Only 0 photos (needs 20+); Only 2 reviews (low social proof)
HIGH,60,MacNeill Family Dental,dentist,"Sandpoint, ID",(208) 263-4353,"1575 Ontario St, Sandpoint, ID 83864, USA",4.8,43,7,http://www.macneillfamilydental.com/,Only 7 photos (needs 20+); Established business (has reviews)
HIGH,60,"Kaniksu Community Health, Dental",dentist,"Sandpoint, ID",(208) 265-1415,"810 Sixth Ave, Sandpoint, ID 83864, USA",4.5,32,3,https://www.kchnorthidaho.org/dental.html,Only 3 photos (needs 20+); Established business (has reviews)
MEDIUM,40,Mountain Lake Dental,dentist,"Sandpoint, ID",(208) 265-1705,"1607 US-2, Sandpoint, ID 83864, USA",4.9,900,2,http://mountainlakedental.com/,Only 2 photos (needs 20+); Good rating (cares about reputation)
MEDIUM,40,Sandpoint Smiles (formerly Tom Davies Family Dentistry),dentist,"Sandpoint, ID",(208) 263-8514,"103 W Superior St, Sandpoint, ID 83864, USA",5,106,9,http://sandpointsmilesdental.com/,Only 9 photos (needs 20+); Good rating (cares about reputation)
MEDIUM,40,Ponderay Dental,dentist,"Sandpoint, ID",(208) 265-6771,"476653 US-95 #1, Ponderay, ID 83852, USA",5,58,4,http://www.ponderaydental.com/,Only 4 photos (needs 20+); Good rating (cares about reputation)
MEDIUM,40,Sandpoint Kids Dentistry,dentist,"Sandpoint, ID",(208) 597-7800,"1212 N Division Ave, Sandpoint, ID 83864, USA",5,111,3,http://www.sandpointkidsdentistry.com/,Only 3 photos (needs 20+); Good rating (cares about reputation)
LOW,30,Bonner General Health,dentist,"Sandpoint, ID",(208) 263-1441,"520 N 3rd Ave, Sandpoint, ID 83864, USA",3,118,5,https://www.bonnergeneral.org/,Only 5 photos (needs 20+)
HIGH,110,"Ronald B. Welch, DC",chiropractor,"Sandpoint, ID",(208) 263-7411,"113 Church St, Sandpoint, ID 83864, USA",5,20,0,,Only 0 photos (needs 20+); Only 20 reviews (low social proof)
HIGH,90,Dr. Bradley Kiriaka,chiropractor,"Sandpoint, ID",(208) 448-4726,"101 N 4th Ave Suite #102, Sandpoint, ID 83864, USA",5,2,1,,Only 1 photos (needs 20+); Only 2 reviews (low social proof)
HIGH,90,"Edward Hunt, DC",chiropractor,"Sandpoint, ID",(208) 255-2925,"801 Pine St, Sandpoint, ID 83864, USA",5,1,0,,Only 0 photos (needs 20+); Only 1 reviews (low social proof)
HIGH,80,Northern Lakes Chiropractic Clinic PC,chiropractor,"Sandpoint, ID",(208) 265-1900,"30544 ID-200 #330, Ponderay, ID 83852, USA",4.9,14,3,http://www.sandpointchiropractor.com/,Only 3 photos (needs 20+); Only 14 reviews (low social proof)
HIGH,80,Sand Point Chiropractic,chiropractor,"Sandpoint, ID",(206) 527-3111,"5418 Sand Point Way NE, Seattle, WA 98105, USA",4.9,27,2,http://www.sandpointchiropractic.com/,Only 2 photos (needs 20+); Only 27 reviews (low social proof)
HIGH,80,Steidl Family Chiropractic,chiropractor,"Sandpoint, ID",(208) 290-7097,"1301 N Division Ave, Sandpoint, ID 83864, USA",4.6,11,1,http://steidlchiropractic.com/,Only 1 photos (needs 20+); Only 11 reviews (low social proof)
HIGH,80,"Dr. Mark William Cochran, Holistic Chiropractor",chiropractor,"Sandpoint, ID",(208) 304-2330,"Selkirk Professional Building, 101 N 4th Ave #105, Sandpoint, ID 83864, USA",5,10,1,http://www.yourchiropractorinsandpoint.com/,Only 1 photos (needs 20+); Only 10 reviews (low social proof)
HIGH,75,Reoch Daryl W. DC,chiropractor,"Sandpoint, ID",(208) 263-1661,"301 S Division Ave Suite B, Sandpoint, ID 83864, USA",5,2,0,,Only 0 photos (needs 20+); Only 2 reviews (low social proof)
HIGH,75,"Rick A. Baker, DC. - 7B Chiropractic",chiropractor,"Sandpoint, ID",(208) 597-7863,"1309 Ponderosa Dr Suite 202, Sandpoint, ID 83864, USA",4,4,3,,Only 3 photos (needs 20+); Only 4 reviews (low social proof)
HIGH,60,Thriving Family Chiropractic,chiropractor,"Sandpoint, ID",(208) 265-2225,"Suite B, 1207 Michigan St, Sandpoint, ID 83864, USA",5,40,2,https://www.thrivingfamilychiro.com/,Only 2 photos (needs 20+); Established business (has reviews)
HIGH,60,Marker Chiropractic,chiropractor,"Sandpoint, ID",(208) 946-3990,"204 E Superior St, Sandpoint, ID 83864, USA",5,1,0,https://markerchiropractic.com/,Only 0 photos (needs 20+); Only 1 reviews (low social proof)
HIGH,60,Cuda Chiropractic,chiropractor,"Sandpoint, ID",(208) 219-5833,"30410 ID-200 suite 100, Ponderay, ID 83852, USA",5,2,0,https://www.cudachiropractic.com/,Only 0 photos (needs 20+); Only 2 reviews (low social proof)
HIGH,60,Mihin William S DC,chiropractor,"Sandpoint, ID",(208) 265-2225,"1207 Michigan St B, Sandpoint, ID 83864, USA",4.3,3,0,http://northidahospineclinic.com/,Only 0 photos (needs 20+); Only 3 reviews (low social proof)
MEDIUM,50,Freedom Chiropractic Sandpoint,chiropractor,"Sandpoint, ID",(208) 996-3383,"113 Church St, Sandpoint, ID 83864, USA",5,21,10,https://www.7bfreedom.com/,Only 21 reviews (low social proof); Established business (has reviews)
MEDIUM,50,North Idaho Chiropractic Neurology Center,chiropractor,"Sandpoint, ID",(208) 946-5888,"1327 Superior St Suite 103, Sandpoint, ID 83864, USA",4.8,17,10,https://backtohealthsr.com/,Only 17 reviews (low social proof); Established business (has reviews)
MEDIUM,50,Chiropractic Plus,chiropractor,"Sandpoint, ID",(208) 610-2916,"101 N 4th Ave Suite #102, Sandpoint, ID 83864, USA",0,0,0,https://www.chiropracticplus.net/,Only 0 photos (needs 20+); Only 0 reviews (low social proof)
MEDIUM,40,Sandpoint Chiropractic Clinic,chiropractor,"Sandpoint, ID",(208) 265-9400,"400 Schweitzer Plaza Dr Suite 4, Ponderay, ID 83852, USA",4.9,67,3,https://sandpointchiro.com/,Only 3 photos (needs 20+); Good rating (cares about reputation)
MEDIUM,40,Pend Oreille Chiropractic,chiropractor,"Sandpoint, ID",(208) 255-1108,"123 S 3rd Ave STE 6, Sandpoint, ID 83864, USA",4.8,115,1,http://www.healthysandpoint.com/,Only 1 photos (needs 20+); Good rating (cares about reputation)
LOW,25,Tandoori Grill& bar - Sandpoint,restaurant,"Sandpoint, ID",(208) 916-4075,"202 N 2nd Ave, Sandpoint, ID 83864, USA",4.8,199,10,,No website listed; Good rating (cares about reputation)
LOW,25,The Bernklau,restaurant,"Sandpoint, ID",(208) 946-5255,"316 Pine St, Sandpoint, ID 83864, USA",4.7,170,10,,No website listed; Good rating (cares about reputation)
LOW,25,Flavors of Phoenicia,restaurant,"Sandpoint, ID",,"477100 US-95 Suite C, Ponderay, ID 83852, USA",4.8,118,10,,No website listed; Good rating (cares about reputation)
HIGH,75,Kessa's Coffee,coffee shop,"Sandpoint, ID",(208) 610-7006,"775 Bonner Mall Way, Ponderay, ID 83852, USA",5,46,5,,Only 5 photos (needs 20+); No website listed
HIGH,65,The Peppered Mercantile,coffee shop,"Sandpoint, ID",(208) 920-6254,"108 N 1st Ave, Sandpoint, ID 83864, USA",5,18,10,,Only 18 reviews (low social proof); No website listed
LOW,25,Rejavanate (Sandpoint),coffee shop,"Sandpoint, ID",(208) 255-4545,"1009 US-2, Sandpoint, ID 83864, USA",4.6,214,10,,No website listed; Good rating (cares about reputation)
LOW,25,The Bernklau,coffee shop,"Sandpoint, ID",(208) 946-5255,"316 Pine St, Sandpoint, ID 83864, USA",4.7,170,10,,No website listed; Good rating (cares about reputation)
LOW,25,The Brim Coffee Shop,coffee shop,"Sandpoint, ID",(208) 255-4863,"830 Kootenai Cutoff Rd, Ponderay, ID 83852, USA",4.6,193,10,,No website listed; Good rating (cares about reputation)
LOW,25,Kessa's Coffee,coffee shop,"Sandpoint, ID",(208) 610-9698,"120 S Division Ave, Sandpoint, ID 83864, USA",4.8,136,10,,No website listed; Good rating (cares about reputation)
LOW,25,Hoot Owl Cafe,coffee shop,"Sandpoint, ID",(208) 265-9348,"30784 ID-200, Ponderay, ID 83852, USA",4.7,1343,10,,No website listed; Good rating (cares about reputation)
HIGH,60,Lakeside CrossFit Athletic and Wellness Club,gym,"Coeur d'Alene, ID",(208) 415-9226,"215 E Lakeside Ave, Coeur d'Alene, ID 83814, USA",5,33,8,http://lakesidecrossfit.com/,Only 8 photos (needs 20+); Established business (has reviews)
MEDIUM,50,Christ Fit Gym CDA,gym,"Coeur d'Alene, ID",(208) 721-2834,"7736 N Government Wy, Dalton Gardens, ID 83815, USA",5,15,10,https://christfitgymcda.org/,Only 15 reviews (low social proof); Established business (has reviews)
MEDIUM,40,Anytime Fitness,gym,"Coeur d'Alene, ID",(208) 966-4253,"370 E Kathleen Ave Suite 800, Coeur d'Alene, ID 83815, USA",4.7,158,7,https://www.anytimefitness.com/locations/coeur-d'alene-idaho-3589/?utm_source=google&utm_medium=organic-businesslisting&utm_campaign=gbp-listing&utm_content=3589,Only 7 photos (needs 20+); Good rating (cares about reputation)
MEDIUM,40,360 Fitness North Idaho,gym,"Coeur d'Alene, ID",(208) 930-1972,"208 Coeur D Alene Ave, Coeur d'Alene, ID 83814, USA",4.3,78,9,http://www.360fitnessnorthidaho.com/,Only 9 photos (needs 20+); Good rating (cares about reputation)
LOW,30,The HOP Coeur d’Alene (The House of Pumps),gym,"Coeur d'Alene, ID",(208) 625-9504,"600 W Kathleen Ave Suite 10, Coeur d'Alene, ID 83815, USA",5,50,10,https://thehopcoeurdalene.com/,Established business (has reviews); Good rating (cares about reputation)
LOW,30,Exercise Institute,gym,"Coeur d'Alene, ID",(208) 666-9094,"1960 N Beebe Blvd #100c, Coeur d'Alene, ID 83814, USA",5,32,10,http://exerciseinstitute.com/,Established business (has reviews); Good rating (cares about reputation)
HIGH,95,Salon 208,salon,"Coeur d'Alene, ID",(208) 805-2710,"407 E Reid Ave, Coeur d'Alene, ID 83814, USA",4.9,21,1,,Only 1 photos (needs 20+); Only 21 reviews (low social proof)
HIGH,75,Shine Salon,salon,"Coeur d'Alene, ID",(208) 667-2500,"724 E Lakeside Ave, Coeur d'Alene, ID 83814, USA",4.8,39,9,,Only 9 photos (needs 20+); No website listed
MEDIUM,40,Sola Salon Studios,salon,"Coeur d'Alene, ID",(509) 750-6694,"2062 Main St, Coeur d'Alene, ID 83814, USA",4.6,66,9,https://www.solasalonstudios.com/locations/village-at-riverstone?utm_source=gmb&utm_medium=organic,Only 9 photos (needs 20+); Good rating (cares about reputation)
MEDIUM,40,Midtown Salon,salon,"Coeur d'Alene, ID",(208) 292-4755,"1928 N 4th St, Coeur d'Alene, ID 83814, USA",4.9,66,10,,No website listed; Missing business hours
LOW,25,Voiage Beauty by Tiffney,salon,"Coeur d'Alene, ID",(208) 770-8724,"754 N 4th St, Coeur d'Alene, ID 83814, USA",4.6,119,10,,No website listed; Good rating (cares about reputation)
LOW,25,Urban Edge Salon,salon,"Coeur d'Alene, ID",(208) 772-3343,"9010 Hess St, Hayden, ID 83835, USA",4.9,475,10,,No website listed; Good rating (cares about reputation)
HIGH,75,711 Ward Construction,contractor,"Coeur d'Alene, ID",(208) 352-0111,"402 E Sherman Ave, Coeur d'Alene, ID 83814, USA",5,2,0,,Only 0 photos (needs 20+); Only 2 reviews (low social proof)
HIGH,60,Monarch Custom Homes,contractor,"Coeur d'Alene, ID",(208) 772-9333,"5097 N Bldg Center Dr, Coeur d'Alene, ID 83815, USA",4.7,40,7,https://www.monarchcustomhomes.com/,Only 7 photos (needs 20+); Established business (has reviews)
MEDIUM,50,CDA Construction,contractor,"Coeur d'Alene, ID",(208) 340-4052,"3868 Palmer Dr, Coeur d'Alene, ID 83815, USA",5,22,10,https://www.cdaconstructionllc.com/,Only 22 reviews (low social proof); Established business (has reviews)
MEDIUM,50,Edwards Smith Construction,contractor,"Coeur d'Alene, ID",(208) 765-8602,"1112 N Government Wy, Coeur d'Alene, ID 83814, USA",4.8,16,10,https://edwardssmith.com/,Only 16 reviews (low social proof); Established business (has reviews)
MEDIUM,50,Nl Kile Construction Remodeling Contractor,contractor,"Coeur d'Alene, ID",(208) 215-2586,"1864 E Hanley Ave, Dalton Gardens, ID 83815, USA",5,12,10,https://www.kileconstruction.com/?utm_source=gmb,Only 12 reviews (low social proof); Established business (has reviews)
MEDIUM,50,Vision Built Construction LLC,contractor,"Coeur d'Alene, ID",(208) 758-0181,"3655 N Government Wy #10, Coeur d'Alene, ID 83815, USA",4.3,20,10,https://www.visionbuiltconstruction.net/,Only 20 reviews (low social proof); Established business (has reviews)
MEDIUM,50,Ginno Construction,contractor,"Coeur d'Alene, ID",(208) 667-5560,"3893 N Schreiber Way, Coeur d'Alene, ID 83815, USA",4,23,10,https://ginnoconstruction.com/,Only 23 reviews (low social proof); Established business (has reviews)
MEDIUM,50,Rosenberger Construction,contractor,"Coeur d'Alene, ID",(208) 772-5018,"10149 N Taryne St, Hayden, ID 83835, USA",4.7,27,10,http://www.rosenbergerhomes.com/,Only 27 reviews (low social proof); Established business (has reviews)
MEDIUM,50,Camas Contracting,contractor,"Coeur d'Alene, ID",(208) 550-3305,"409 Coeur D Alene Ave Suite 14, Coeur d'Alene, ID 83814, USA",0,0,1,https://camascontracting.com/,Only 1 photos (needs 20+); Only 0 reviews (low social proof)
MEDIUM,50,"Aspen Construction & Design, LLC",contractor,"Coeur d'Alene, ID",(208) 216-1964,"5861 N Pinegrove Dr, Coeur d'Alene, ID 83815, USA",4.8,26,10,http://www.exteriorsbyaspen.com/?utm_campaign=gmb&utm_medium=organic&utm_source=gmb,Only 26 reviews (low social proof); Established business (has reviews)
MEDIUM,50,Affordable Custom Builders,contractor,"Coeur d'Alene, ID",(208) 661-2497,"401-1/2 E Sherman Ave Ste 207, Coeur d'Alene, ID 83814, USA",4.9,26,10,http://affordablecustombuilders.com/,Only 26 reviews (low social proof); Established business (has reviews)
MEDIUM,50,Coeur Builders,contractor,"Coeur d'Alene, ID",(208) 661-2497,"401-1/2 Sherman Ave Ste 207, Coeur d'Alene, ID 83814, USA",5,6,10,http://www.coeurbuilders.com/,Only 6 reviews (low social proof); Established business (has reviews)
MEDIUM,45,Weldons construction,contractor,"Coeur d'Alene, ID",(208) 640-9508,"709 N 12th St, Coeur d'Alene, ID 83814, USA",5,1,10,,Only 1 reviews (low social proof); No website listed
LOW,30,Kingdom Construction,contractor,"Coeur d'Alene, ID",(208) 699-4781,"100 sun up road, Coeur d'Alene, ID 83815, USA",4.8,37,10,http://www.kingdomconstructioncda.com/,Established business (has reviews); Good rating (cares about reputation)
LOW,30,Johnson Construction,contractor,"Coeur d'Alene, ID",(208) 755-4362,"201 N 3rd St, Coeur d'Alene, ID 83814, USA",5,3,10,https://jcidaho.com/,Only 3 reviews (low social proof); Good rating (cares about reputation)
LOW,30,Atlas Building Group,contractor,"Coeur d'Alene, ID",(208) 818-7941,"2026 N Beebe Blvd, Coeur d'Alene, ID 83814, USA",5,43,10,https://www.atlasbuildinggroup.com/,Established business (has reviews); Good rating (cares about reputation)
LOW,30,Messina Construction,contractor,"Coeur d'Alene, ID",(208) 765-5714,"2900 N Government Wy PMB 239, Coeur d'Alene, ID 83815, USA",5,1,10,https://www.messinaconstruction.com/,Only 1 reviews (low social proof); Good rating (cares about reputation)
LOW,30,"Synergy Contracting, LLC.",contractor,"Coeur d'Alene, ID",(208) 660-0159,"426 E Orchard Ave, Hayden, ID 83835, USA",5,3,10,http://synergy-contracting.com/,Only 3 reviews (low social proof); Good rating (cares about reputation)
HIGH,90,All-Ways Plumbing,plumber,"Coeur d'Alene, ID",(208) 773-0970,"941 N 16th St, Coeur d'Alene, ID 83814, USA",5,2,0,,Only 0 photos (needs 20+); Only 2 reviews (low social proof)
HIGH,75,The 24 Hr Plumber,plumber,"Coeur d'Alene, ID",(208) 291-1235,"3813 N Honeysuckle Dr, Coeur d'Alene, ID 83815, USA",5,1,1,,Only 1 photos (needs 20+); Only 1 reviews (low social proof)
MEDIUM,50,Fall Line Plumbing,plumber,"Coeur d'Alene, ID",(208) 699-2184,"217 E Foster Ave, Coeur d'Alene, ID 83814, USA",5,17,10,http://www.falllineplumb.com/,Only 17 reviews (low social proof); Established business (has reviews)
MEDIUM,40,Eagle Plumbing,plumber,"Coeur d'Alene, ID",(208) 667-4646,"174 E Neider Ave #113, Coeur d'Alene, ID 83815, USA",4.8,194,9,http://www.eagleplumbingcda.com/,Only 9 photos (needs 20+); Good rating (cares about reputation)
MEDIUM,40,Honest Plumbing,plumber,"Coeur d'Alene, ID",(208) 987-3234,"174 E Neider Ave #502, Coeur d'Alene, ID 83814, USA",5,232,8,http://www.honestplumbingnorthidaho.com/,Only 8 photos (needs 20+); Good rating (cares about reputation)
MEDIUM,40,Fred's Plumbing,plumber,"Coeur d'Alene, ID",(208) 260-4970,"2955 W Dakota Ave, Hayden, ID 83835, USA",4.7,79,4,http://fredsplumbingcda.com/,Only 4 photos (needs 20+); Good rating (cares about reputation)
LOW,30,"Neuman's Plumbing, Inc.",plumber,"Coeur d'Alene, ID",(208) 772-4380,"7560 N Government Wy, Dalton Gardens, ID 83815, USA",4.6,31,10,https://www.neumansplumbing.com/,Established business (has reviews); Good rating (cares about reputation)
MEDIUM,40,Coeur d' Alene Family Dentistry,dentist,"Coeur d'Alene, ID",(208) 664-9129,"2201 N Government Wy suite g, Coeur d'Alene, ID 83814, USA",5,332,2,http://www.coeur-d-alene-family-dentistry.net/,Only 2 photos (needs 20+); Good rating (cares about reputation)
MEDIUM,40,Advanced Family Dentistry,dentist,"Coeur d'Alene, ID",(208) 667-1154,"910 W Ironwood Dr, Coeur d'Alene, ID 83814, USA",5,446,6,http://www.drmosby.com/,Only 6 photos (needs 20+); Good rating (cares about reputation)
MEDIUM,40,Ideal Family Dental,dentist,"Coeur d'Alene, ID",(208) 664-4831,"700 W Ironwood Dr STE 241, Coeur d'Alene, ID 83814, USA",4.9,340,3,https://www.idealfamilydentistry.com/,Only 3 photos (needs 20+); Good rating (cares about reputation)
MEDIUM,40,Element Dental,dentist,"Coeur d'Alene, ID",(208) 664-2160,"1015 W Ironwood Dr, Coeur d'Alene, ID 83814, USA",4.9,464,8,https://www.elementdentalcda.com/?utm_source=gmb&utm_medium=organic,Only 8 photos (needs 20+); Good rating (cares about reputation)
MEDIUM,40,Lakeview Dental,dentist,"Coeur d'Alene, ID",(208) 714-4580,"801 Milwaukee Dr, Coeur d'Alene, ID 83814, USA",4.9,239,5,https://lakeviewdentalclinic.com/,Only 5 photos (needs 20+); Good rating (cares about reputation)
MEDIUM,40,Scholes Family Dental,dentist,"Coeur d'Alene, ID",(208) 667-1578,"1250 W Ironwood Dr STE 216, Coeur d'Alene, ID 83814, USA",4.9,145,7,https://www.scholesfamilydental.com/,Only 7 photos (needs 20+); Good rating (cares about reputation)
MEDIUM,40,Willamette Dental Group - Coeur d'Alene,dentist,"Coeur d'Alene, ID",(855) 433-6825,"943 W Ironwood Dr Suite 200, Coeur d'Alene, ID 83814, USA",4.5,129,4,https://locations.willamettedental.com/id/coeur-d-alene/943-w-ironwood-drive-4233790,Only 4 photos (needs 20+); Good rating (cares about reputation)
MEDIUM,40,Smart Family Dentistry,dentist,"Coeur d'Alene, ID",(208) 667-0012,"1717 Lincoln Wy Suite 204, Coeur d'Alene, ID 83814, USA",5,52,0,https://www.cdasmartfamilydentistry.com/,Only 0 photos (needs 20+); Good rating (cares about reputation)
MEDIUM,40,DDS Northwest,dentist,"Coeur d'Alene, ID",(208) 765-3322,"1800 Lincoln Wy Suite 200, Coeur d'Alene, ID 83814, USA",4.4,179,2,https://www.ddsnorthwest.com/,Only 2 photos (needs 20+); Good rating (cares about reputation)
HIGH,80,Helping Hands Chiropractic and Wellness Center,chiropractor,"Coeur d'Alene, ID",(208) 664-0444,"116 W Neider Ave, Coeur d'Alene, ID 83815, USA",4.8,16,5,http://www.helpinghandschiro.com/,Only 5 photos (needs 20+); Only 16 reviews (low social proof)
HIGH,80,Stoddard Chiropractic: Stoddard Charlene R DC,chiropractor,"Coeur d'Alene, ID",(208) 667-0875,"1025 W Ironwood Dr STE 2, Coeur d'Alene, ID 83814, USA",5,16,7,http://www.stoddardchiropractic.com/,Only 7 photos (needs 20+); Only 16 reviews (low social proof)
HIGH,80,CV Chiropractic,chiropractor,"Coeur d'Alene, ID",(208) 966-4930,"2415 N Government Wy Suite 6, Coeur d'Alene, ID 83814, USA",5,14,4,http://www.cvchiro-cda.com/,Only 4 photos (needs 20+); Only 14 reviews (low social proof)
MEDIUM,50,Thrive Chiropractic Advanced Wellness Solutions,chiropractor,"Coeur d'Alene, ID",(208) 665-9688,"1230 N Northwood Center Ct, Coeur d'Alene, ID 83814, USA",5,21,10,https://thrivecda.com/,Only 21 reviews (low social proof); Established business (has reviews)
MEDIUM,40,Walk In Chiropractic - Coeur d'Alene,chiropractor,"Coeur d'Alene, ID",(208) 930-1123,"3500 N Government Wy #106, Coeur d'Alene, ID 83815, USA",4.7,302,7,https://www.walkinadjustment.com/coeur-dalene/,Only 7 photos (needs 20+); Good rating (cares about reputation)
MEDIUM,40,Unlimited Health Chiropractic,chiropractor,"Coeur d'Alene, ID",(208) 930-4944,"320 E Neider Ave Suite 103, Coeur d'Alene, ID 83815, USA",4.9,222,9,http://www.unlimitedhealthchiropractic.com/?utm_source=googlemybusiness&utm_medium=gmbprofile&utm_campaign=GMBG,Only 9 photos (needs 20+); Good rating (cares about reputation)
MEDIUM,40,First Care Chiropractic,chiropractor,"Coeur d'Alene, ID",(208) 772-0802,"6125 N Sunshine St A, Coeur d'Alene, ID 83815, USA",5,95,3,http://www.fcchirowellness.com/,Only 3 photos (needs 20+); Good rating (cares about reputation)
MEDIUM,40,Muscle Works Chiropractic & Muscle Activation,chiropractor,"Coeur d'Alene, ID",(208) 660-2480,"110 E Wallace Ave, Coeur d'Alene, ID 83814, USA",5,87,9,https://www.activemuscleworks.com/,Only 9 photos (needs 20+); Good rating (cares about reputation)
MEDIUM,40,Priebe Chiropractic,chiropractor,"Coeur d'Alene, ID",(208) 664-5225,"850 W Ironwood Dr STE 104, Coeur d'Alene, ID 83814, USA",4.8,77,1,https://priebechiropractic.com/,Only 1 photos (needs 20+); Good rating (cares about reputation)
HIGH,95,Monday Mornings Coffee Co.,coffee shop,"Coeur d'Alene, ID",,"1750 West Appleway Ave., Coeur d'Alene, ID 83814, USA",4.1,27,0,,Only 0 photos (needs 20+); Only 27 reviews (low social proof)
HIGH,95,Milk and Honey Coffee,coffee shop,"Coeur d'Alene, ID",,"5277 N Government Wy, Coeur d'Alene, ID 83815, USA",4.6,13,2,,Only 2 photos (needs 20+); Only 13 reviews (low social proof)
HIGH,60,Anchored Coffee Company Ironwood,coffee shop,"Coeur d'Alene, ID",(208) 551-2388,"930 W Ironwood Dr, Coeur d'Alene, ID 83814, USA",4.7,34,5,http://anchoredcoffeecompany.com/,Only 5 photos (needs 20+); Established business (has reviews)
LOW,25,Cornerstone Coffee and Sweets,coffee shop,"Coeur d'Alene, ID",(208) 930-1664,"814 N 4th St, Coeur d'Alene, ID 83814, USA",4.9,79,10,,No website listed; Good rating (cares about reputation)
LOW,25,Sebastian's Coffee & Pastries,coffee shop,"Coeur d'Alene, ID",(208) 551-3939,"1114 W Ironwood Dr, Coeur d'Alene, ID 83814, USA",5,90,10,,No website listed; Good rating (cares about reputation)
LOW,25,Roasted Coffee Company Coeur d'Alene,coffee shop,"Coeur d'Alene, ID",(208) 518-1555,"233 W Dalton Ave, Coeur d'Alene, ID 83815, USA",4.9,59,10,,No website listed; Good rating (cares about reputation)
HIGH,95,Hit Fitness Spokane,gym,"Spokane, WA",(707) 477-1337,"309 W 2nd Ave, Spokane, WA 99201, USA",5,11,4,,Only 4 photos (needs 20+); Only 11 reviews (low social proof)
MEDIUM,50,Spokane Club Athletic Facility And Gym,gym,"Spokane, WA",(509) 838-8511,"1002 W Main Ave, Spokane, WA 99201, USA",4.5,11,10,https://www.spokaneclub.org/,Only 11 reviews (low social proof); Established business (has reviews)
MEDIUM,40,Forward,gym,"Spokane, WA",(509) 230-6565,"6501 N Cedar Rd Building 1, Spokane, WA 99208, USA",4.9,156,7,https://forwardspokane.com/home,Only 7 photos (needs 20+); Good rating (cares about reputation)
LOW,30,Southside Lifting Club,gym,"Spokane, WA",(509) 321-7064,"2910 E 57th Ave suite 3, Spokane, WA 99223, USA",4.8,45,10,http://southsideliftingclub.com/,Established business (has reviews); Good rating (cares about reputation)
LOW,30,Eden Salon,salon,"Spokane, WA",(509) 822-7483,"1901 N Madison St, Spokane, WA 99205, USA",5,45,10,http://edensalonspokane.com/,Established business (has reviews); Good rating (cares about reputation)
LOW,30,Coven Hair Co.,salon,"Spokane, WA",,"22 W Main Ave Ste 3, Spokane, WA 99201, USA",5,50,10,https://www.covenhairco.com/,Established business (has reviews); Good rating (cares about reputation)
LOW,30,KoCo Salon & Spa,salon,"Spokane, WA",(509) 319-9326,"10407 N Newport Hwy, Spokane, WA 99218, USA",5,31,10,https://m.facebook.com/KoCosalonandspa/,Established business (has reviews); Good rating (cares about reputation)
LOW,25,Roots Salon and Spa,salon,"Spokane, WA",(509) 413-2914,"1012 S Perry St, Spokane, WA 99202, USA",4.8,88,10,,No website listed; Good rating (cares about reputation)
HIGH,60,Baker Construction & Development,contractor,"Spokane, WA",(509) 535-3668,"2711 E Sprague Ave, Spokane, WA 99202, USA",4.5,32,5,http://www.bakerconstruct.com/,Only 5 photos (needs 20+); Established business (has reviews)
HIGH,60,Construction Services,contractor,"Spokane, WA",(509) 777-0004,"120 North Stevens Street, 1612 S Williams Ln Suite 300, Spokane, WA 99201, USA",5,1,1,http://www.csspokane.com/,Only 1 photos (needs 20+); Only 1 reviews (low social proof)
MEDIUM,50,Ramey Construction Company,contractor,"Spokane, WA",(509) 483-9000,"5930 N Freya St, Spokane, WA 99217, USA",4.8,17,10,http://www.rameyco.com/,Only 17 reviews (low social proof); Established business (has reviews)
MEDIUM,50,Scotts Custom Construction and Spokane Handyman Service,contractor,"Spokane, WA",(509) 862-2458,"1312 N Monroe St STE 189, Spokane, WA 99201, USA",4.9,25,10,https://www.scottscustomconstruction.com/,Only 25 reviews (low social proof); Established business (has reviews)
MEDIUM,50,Alpine Construction,contractor,"Spokane, WA",(509) 448-8099,"4419 E Glennaire Dr, Spokane, WA 99223, USA",4.1,17,10,http://www.alpineremodelers.com/,Only 17 reviews (low social proof); Established business (has reviews)
MEDIUM,50,Kelsey & Company General Contracting Llc,contractor,"Spokane, WA",(509) 590-7271,"816 W Francis Ave #413, Spokane, WA 99205, USA",5,12,10,https://kelsey-company-general-contracting-llc.zarlasites.com/,Only 12 reviews (low social proof); Established business (has reviews)
MEDIUM,50,Brother's Keeper Construction,contractor,"Spokane, WA",(509) 989-3846,"1509 W Alice Ave, Spokane, WA 99205, USA",5,22,10,https://www.brotherskeeperconstruction.net/,Only 22 reviews (low social proof); Established business (has reviews)
MEDIUM,50,Wren Building Co.,contractor,"Spokane, WA",(509) 863-8833,"518 W Riverside Ave, Spokane, WA 99201, USA",5,16,10,https://wrenbuildingco.com/?utm_source=google&utm_medium=local&utm_campaign=Google+Business+Profile,Only 16 reviews (low social proof); Established business (has reviews)
MEDIUM,50,Walker Construction,contractor,"Spokane, WA",(509) 535-3354,"1800 E Trent Ave, Spokane, WA 99202, USA",4.3,15,10,https://walkerconstructioninc.com/,Only 15 reviews (low social proof); Established business (has reviews)
LOW,30,Count On It Construction LLC,contractor,"Spokane, WA",(509) 209-6657,"418 E Pacific Ave, Spokane, WA 99202, USA",4.7,30,10,http://www.countonitconstruction.com/,Established business (has reviews); Good rating (cares about reputation)
LOW,30,Garco Construction,contractor,"Spokane, WA",(509) 535-4688,"4114 E Broadway Ave, Spokane, WA 99202, USA",4.9,35,10,http://www.garco.com/,Established business (has reviews); Good rating (cares about reputation)
LOW,30,Heinemann Construction LLC,contractor,"Spokane, WA",(509) 844-1414,"17 N Flora Rd Unit B, Veradale, WA 99037, USA",5,31,10,https://www.heinemannconstructionllc.com/,Established business (has reviews); Good rating (cares about reputation)
LOW,30,Strohmaier Design & Build,contractor,"Spokane, WA",(509) 434-6177,"4217 E Main Ave, Spokane, WA 99202, USA",4.9,31,10,http://strohmaier.com/,Established business (has reviews); Good rating (cares about reputation)
LOW,30,Sashiks Construction LLC,contractor,"Spokane, WA",(425) 344-7683,"11306 N Morrill Dr, Mead, WA 99021, USA",5,45,10,https://sashiksconstruction.com/,Established business (has reviews); Good rating (cares about reputation)
HIGH,75,Cougar Rooter,plumber,"Spokane, WA",(509) 319-9078,"3120 S Grand Blvd #8054, Spokane, WA 99203, USA",5,47,9,,Only 9 photos (needs 20+); No website listed
MEDIUM,40,Spokane Plumbing and Heating,plumber,"Spokane, WA",(509) 519-2626,"5827 N Florida St, Spokane, WA 99217, USA",4.6,56,7,https://www.spokaneplumbing.com/,Only 7 photos (needs 20+); Good rating (cares about reputation)
MEDIUM,40,Tactical Plumbing & Piping,plumber,"Spokane, WA",(509) 263-2160,"3615 E Trent Ave, Spokane, WA 99202, USA",5,63,9,http://www.tacticalplumbingspokane.com/,Only 9 photos (needs 20+); Good rating (cares about reputation)
MEDIUM,40,Plumber Faucets N' Stuff,plumber,"Spokane, WA",(509) 924-8881,"12205 E 1st Ave, Spokane Valley, WA 99206, USA",4.9,51,3,http://faucetsnstuffplumbing.com/,Only 3 photos (needs 20+); Good rating (cares about reputation)
MEDIUM,40,Cascade Dental Care - North Spokane,dentist,"Spokane, WA",(509) 466-9638,"101 W Cascade Way # 202, Spokane, WA 99208, USA",4.8,230,5,https://www.cascadedentalspokane.com/north-spokane-wa/,Only 5 photos (needs 20+); Good rating (cares about reputation)
MEDIUM,40,Maple Street Family Dentistry,dentist,"Spokane, WA",(509) 928-5001,"4610 N Ash St #102, Spokane, WA 99205, USA",4.8,255,8,https://maplestreetfamilydentistry.com/,Only 8 photos (needs 20+); Good rating (cares about reputation)
MEDIUM,40,Complete Dental Care,dentist,"Spokane, WA",(509) 328-2539,"707 W Francis Ave # 100, Spokane, WA 99205, USA",4.8,306,3,https://www.completedentalnw.com/?utm_source=GoogleMyBusiness&utm_medium=organic&utm_campaign=gmb-spokane-wa,Only 3 photos (needs 20+); Good rating (cares about reputation)
MEDIUM,40,"Bright Now! Dental & Orthodontics - Spokane, WA",dentist,"Spokane, WA",(509) 464-2001,"7407 N Division St # K, Spokane, WA 99208, USA",4.3,456,7,https://www.brightnow.com/dental-office/spokane-dentist/10020/?utm_source=generic&utm_medium=profiles&utm_campaign=local_profiles,Only 7 photos (needs 20+); Good rating (cares about reputation)
MEDIUM,40,University Chiropractic,chiropractor,"Spokane, WA",(509) 590-0156,"13701 E Sprague Ave, Spokane Valley, WA 99216, USA",4.9,369,8,https://chiropractorspokanevalleywa.com/,Only 8 photos (needs 20+); Good rating (cares about reputation)
MEDIUM,40,Sicilia Chiropractic,chiropractor,"Spokane, WA",(509) 489-2883,"611 W Garland Ave, Spokane, WA 99205, USA",5,263,0,http://www.siciliachiropractic.net/,Only 0 photos (needs 20+); Good rating (cares about reputation)
MEDIUM,40,Raab Chiropractic,chiropractor,"Spokane, WA",(509) 327-8005,"1432 W Francis Ave, Spokane, WA 99205, USA",4.9,156,4,https://www.raabchiropractic.com/,Only 4 photos (needs 20+); Good rating (cares about reputation)
MEDIUM,40,Lockhart Chiropractic and Massage,chiropractor,"Spokane, WA",(509) 413-2482,"1410 N Mullan Rd #100, Spokane Valley, WA 99206, USA",5,140,2,http://www.lockhartchiropracticclinic.com/,Only 2 photos (needs 20+); Good rating (cares about reputation)
HIGH,80,Black Sheep Coffee Co,coffee shop,"Spokane, WA",,"5226 N Division St, Spokane, WA 99207, USA",4.2,21,2,http://blksheepcoffee.com/,Only 2 photos (needs 20+); Only 21 reviews (low social proof)
MEDIUM,55,Black Sheep Coffee Company,coffee shop,"Spokane, WA",,"921 E Houston Ave, Spokane, WA 99208, USA",4.6,205,2,,Only 2 photos (needs 20+); No website listed
MEDIUM,55,Devil's Brew,coffee shop,"Spokane, WA",(509) 981-8103,"1228 W Northwest Blvd suite a, Spokane, WA 99205, USA",4.2,97,1,,Only 1 photos (needs 20+); No website listed
MEDIUM,50,Vanilla & Honey Espresso,coffee shop,"Spokane, WA",,"7 W Pacific Ave, Spokane, WA 99202, USA",4.8,27,10,https://instagram.com/Vanilla.honey.espresso,Only 27 reviews (low social proof); Established business (has reviews)
LOW,30,Grit Grounds Coffee,coffee shop,"Spokane, WA",(509) 392-4548,"4808 E Sprague Ave suite 206, Spokane, WA 99212, USA",5,38,10,https://www.gritgrounds.net/,Established business (has reviews); Good rating (cares about reputation)
LOW,25,BRU COFFEE HAUSE,coffee shop,"Spokane, WA",,"9803 N Division St, Spokane, WA 99218, USA",4.6,198,10,,No website listed; Good rating (cares about reputation)
LOW,25,Brews Bros Coffee Bar,coffee shop,"Spokane, WA",(509) 456-5858,"734 W Sprague Ave, Spokane, WA 99201, USA",4.5,536,10,,No website listed; Good rating (cares about reputation)
